0.6,-0.06,0.86,3.71,4.13,80.21
2.13,-0.36,-0.27,-1.32,5.65,85.94
0.16,-0.06,-0.91,5.34,-0.93,-46.41
0.73,-2.45,-0.47,0.03,-2.27,-125.48
0.11,-0.5,-0.21,5.49,-1.67,-34.38
0.59,-2.4,0.2,1.11,-2.83,-92.25
0.56,-2.56,-0.97,-1.11,-1.1,-170.17
1.16,-3.02,-0.9,-1.63,-0.83,-158.14
3.11,-0.62,1.37,-5.09,-0.04,221.16
1.89,-3.1,-1.47,-1.71,-0.86,-153.55
3.11,-0.6,1.38,-5.08,-0.12,222.88
0.16,-0.66,-0.81,4.25,-2.57,-75.06
0.96,-2.51,-0.58,0.13,-2.06,-122.04
2.01,-1.25,1.14,-0.05,5.08,108.86
1.98,-0.96,0.99,-0.6,5.35,115.16
0.56,-2.39,0.58,1.81,-2.77,-71.62
3.08,-0.14,-0.77,-5.08,2.18,124.33
0.79,-1.94,-0.3,2.47,-2.39,-83.08
0.85,-1.89,1.44,4.17,0.56,22.92
1.28,-0.71,1.07,2.12,4.99,93.97
2.29,-2.47,1.13,1.81,2.77,54.43
0.32,-2.22,-0.23,0.19,-2.96,-122.04
2.82,-1.82,-0.61,1.03,3.08,22.35
0.86,-1.88,-0.37,2.71,-2.16,-79.64
3.07,-3.08,-0.75,1.45,-1.25,-43.54
0.56,-0.86,-0.02,5.5,-0.16,-18.33
2.82,-1.0,0.08,-3.04,4.46,108.86
1.73,-0.64,-1.09,2.61,3.75,-0.0
0.6,-2.2,-0.73,0.22,-2.32,-133.5
2.15,-1.36,0.25,1.33,4.82,59.59
2.77,-2.66,0.37,1.9,1.87,27.5
2.91,-0.2,-1.07,-3.9,3.29,93.97
0.92,-2.12,1.53,3.83,0.38,18.91
1.29,-0.77,1.02,2.35,4.91,88.24
0.01,-1.89,-0.4,0.09,-3.4,-130.63
2.4,-2.61,0.47,2.41,1.45,14.9
2.33,-0.7,-1.16,0.29,4.35,26.93
0.48,-1.9,-0.28,1.82,-3.04,-97.4
3.09,-0.07,-0.38,-5.74,1.31,151.26
1.66,-2.16,-1.09,1.54,-0.97,-91.1
0.06,-1.91,-0.76,-0.28,-2.82,-149.54
0.35,-2.64,-0.1,-0.9,-2.18,-136.94
1.7,-2.17,0.28,3.49,0.7,-10.89
2.38,-1.89,0.32,1.7,3.77,46.41
0.56,-2.05,0.16,2.33,-2.87,-76.2
2.72,-1.74,1.45,-2.23,3.79,139.23
2.46,-2.14,-1.27,1.51,0.26,-54.43
0.49,-1.93,-0.57,1.18,-2.85,-115.16
0.94,-0.08,-0.34,4.22,4.12,29.79
1.28,-2.22,0.08,3.06,-1.21,-49.27
0.31,-1.38,-1.11,1.72,-2.78,-124.9
0.13,-2.68,-1.03,-1.49,-0.01,-205.12
0.19,-0.85,-1.35,2.69,-2.66,-115.16
0.67,-0.33,-1.2,4.76,0.39,-49.27
2.82,-0.26,-0.09,-5.13,2.98,141.52
0.37,-3.12,0.88,-0.57,-1.95,-107.14
2.4,-2.21,1.47,0.31,3.72,95.11
0.28,-1.12,0.84,5.26,-0.94,0.0
1.12,-3.03,-1.45,-1.75,0.35,-192.51
0.95,-0.8,-0.87,4.64,0.61,-41.25
0.0,-0.44,-0.65,4.73,-2.63,-62.45
1.67,-2.54,-0.64,1.21,-1.53,-86.52
0.6,-1.42,-1.03,2.46,-2.26,-106.0
2.31,-1.79,-0.44,2.38,2.63,4.58
0.03,-1.07,0.06,4.13,-3.33,-56.15
0.94,-1.83,1.52,4.05,1.24,36.1
2.88,-0.4,-0.09,-4.97,3.11,136.94
1.57,-1.37,0.82,3.01,4.1,58.44
2.44,-1.47,0.24,0.31,4.81,69.33
0.5,-2.79,0.99,0.97,-2.47,-74.48
0.21,-1.46,-1.55,0.7,-2.15,-160.43
0.7,-0.04,1.22,2.5,4.42,107.72
0.74,-1.4,-0.7,3.48,-1.83,-77.92
1.93,-3.03,0.5,1.85,-1.04,-34.38
1.21,-2.52,0.2,2.11,-1.85,-63.6
0.77,-1.36,0.3,5.01,-0.29,-16.62
0.6,-1.45,-0.24,3.9,-2.15,-62.45
1.89,-1.03,0.88,0.34,5.39,99.69
1.93,-0.04,-0.79,-0.42,5.55,63.03
2.86,-1.0,0.31,-3.62,4.12,124.33
1.37,-2.23,-0.15,2.77,-1.25,-57.87
1.7,-1.71,-1.36,2.14,0.0,-78.5
2.03,-1.4,-0.89,2.66,2.46,-14.9
2.94,-0.29,0.32,-5.69,1.69,170.17
1.64,-1.77,-0.63,3.29,0.36,-43.54
2.92,-0.63,-0.4,-3.9,3.84,108.29
2.65,-2.15,0.19,1.53,3.18,39.53
1.08,-1.04,-1.09,3.94,0.11,-60.16
0.27,-3.02,-1.47,-0.87,1.53,-241.79
2.77,-2.56,0.71,1.3,2.73,52.71
1.11,-0.68,0.33,4.16,4.0,43.54
0.13,-1.47,1.38,4.44,-1.61,2.29
2.4,-1.37,-0.08,0.72,4.69,54.43
1.28,-1.05,-0.26,4.52,2.31,-1.72
0.01,-1.07,0.98,4.97,-1.88,-4.58
2.51,-1.74,1.12,-0.81,4.47,108.29
0.38,-2.46,-1.42,-0.99,-0.3,-200.54
0.04,-0.12,-0.65,5.48,-1.41,-41.83
0.21,-2.0,0.19,1.46,-3.53,-91.67
1.91,-3.06,-1.29,-1.38,-1.23,-139.8
2.28,-2.13,1.06,1.38,3.69,69.33
2.05,-0.05,0.42,-3.26,4.91,138.66
2.0,-3.12,0.26,1.34,-1.5,-49.27
2.86,-1.33,1.0,-3.48,3.7,144.96
2.51,-1.65,-0.58,1.61,3.25,16.04
1.31,-2.96,-0.68,-1.02,-1.51,-133.5
2.11,-3.03,-0.92,-0.35,-1.8,-105.42
1.44,-1.4,-1.18,3.09,0.25,-65.32
1.36,-1.44,-0.26,4.3,1.13,-19.48
0.99,-1.86,-1.12,1.57,-1.68,-114.02
0.04,-0.86,0.24,5.04,-2.48,-33.23
1.0,-0.39,1.06,2.52,4.82,95.68
3.03,-2.7,0.44,1.34,2.26,44.12
2.72,-2.52,0.57,1.57,2.61,44.12
0.71,-0.67,0.77,4.89,2.83,46.41
1.53,-0.88,1.54,0.51,4.84,125.48
0.47,-2.19,1.23,3.25,-2.01,-28.07
1.28,-2.64,-0.55,0.33,-1.93,-109.43
0.16,-0.09,-0.56,5.73,-0.48,-28.07
0.45,-3.09,0.97,-0.15,-2.08,-95.68
1.65,-2.16,-1.38,0.96,-0.88,-108.29
1.23,-1.85,0.16,4.09,-0.16,-26.36
1.8,-0.56,0.87,-0.83,5.56,120.89
0.99,-0.07,0.52,2.57,5.25,82.51
0.5,-2.57,-1.12,-1.2,-0.7,-182.77
0.67,-0.53,0.69,4.9,3.0,47.56
0.58,-2.57,0.95,1.87,-2.46,-59.59
0.8,-0.39,0.01,5.05,3.05,24.06
2.67,-2.78,0.58,1.99,1.59,26.93
2.66,-2.5,0.74,1.45,2.81,51.57
1.58,-1.05,0.39,2.92,4.6,52.71
0.68,-2.74,0.53,0.7,-2.51,-87.66
0.59,-3.02,-1.15,-1.66,0.66,-205.12
0.49,-0.07,0.08,5.35,2.72,28.65
2.95,-0.99,1.31,-4.71,1.98,187.36
2.46,-2.64,0.25,2.41,1.04,4.01
0.58,-1.32,-0.78,3.25,-2.25,-87.09
2.48,-2.81,-1.08,0.63,-1.39,-80.79
1.86,-2.56,-1.49,-0.2,-1.0,-125.48
0.16,-0.29,-0.52,5.55,-1.15,-37.24
0.39,-0.33,0.41,5.63,1.79,26.93
1.28,-2.16,0.24,3.45,-0.82,-36.67
2.66,-2.99,-0.8,0.97,-1.53,-64.74
0.5,-2.13,-0.62,0.38,-2.59,-128.92
1.06,-1.91,1.27,4.12,1.06,24.06
0.63,-1.72,-1.0,1.55,-2.33,-119.75
1.76,-2.67,-0.43,1.31,-1.56,-76.78
1.23,-1.65,-0.02,4.3,0.22,-25.21
2.56,-0.95,-0.03,-1.77,5.1,90.53
1.63,-1.75,-0.97,2.79,-0.02,-62.45
1.8,-0.58,-0.92,2.14,4.42,17.19
0.16,-2.95,-0.18,-1.87,-0.71,-170.17
0.7,-2.68,0.45,0.82,-2.54,-87.66
0.42,-2.79,-0.18,-1.27,-1.69,-146.1
1.12,-1.62,0.01,4.39,-0.1,-28.07
2.44,-2.26,-0.1,2.43,1.81,4.58
1.38,-3.13,1.16,1.68,-1.12,-33.8
0.83,-0.46,0.67,4.23,3.92,59.59
1.77,-2.04,1.42,2.35,3.25,65.89
0.83,-0.67,-0.88,4.83,0.48,-41.25
0.14,-2.78,-1.31,-1.15,0.76,-226.32
2.51,-0.57,-0.32,-2.43,5.04,92.82
1.43,-2.33,0.09,2.9,-1.04,-46.41
0.72,-1.62,0.36,4.46,-1.28,-30.94
1.9,-2.58,1.42,2.39,1.98,42.4
0.85,-0.68,0.68,4.61,3.34,48.7
2.59,-1.08,-0.2,-1.07,4.98,75.06
1.26,-1.57,0.05,4.45,0.78,-14.9
0.44,-1.52,0.53,4.46,-1.96,-31.51
2.69,-2.21,0.12,1.63,2.93,34.38
0.9,-2.91,-0.55,-1.28,-1.34,-146.68
2.62,-0.22,-1.29,-2.32,4.14,63.6
0.95,-1.3,0.66,4.95,1.55,17.76
1.36,-2.81,-0.41,0.09,-1.95,-106.57
1.76,-2.76,-0.78,0.29,-1.68,-101.99
0.37,-0.15,0.02,5.76,1.64,13.75
1.84,-0.45,-1.17,1.78,4.33,12.61
0.99,-1.32,1.05,4.49,2.34,41.25
2.07,-0.83,-0.99,1.63,4.14,14.32
3.08,-1.86,-1.33,0.68,1.78,-6.3
1.55,-2.45,0.45,3.09,-0.44,-25.78
1.02,-2.9,1.03,1.76,-1.7,-48.7
1.01,-1.26,1.25,4.08,2.88,57.3
0.6,-0.89,0.63,5.45,1.22,19.48
0.1,-0.21,-0.44,5.68,-1.07,-31.51
0.83,-1.56,-1.08,2.37,-1.8,-103.71
2.88,-2.6,0.17,1.79,1.94,25.78
1.11,-2.39,1.28,3.46,-0.12,0.0
0.58,-1.03,0.36,5.47,0.05,-5.16
0.26,-2.37,-0.71,-0.99,-1.83,-161.57
0.48,-0.57,-0.05,5.75,0.46,-8.02
1.5,-1.87,-1.05,2.31,-0.71,-81.36
2.11,-2.75,-0.82,0.8,-1.47,-83.65
2.2,-2.26,1.04,1.93,3.16,56.15
1.29,-1.75,-0.77,3.01,-0.85,-70.47
1.81,-2.48,-1.28,0.35,-1.16,-111.73
0.36,-3.13,-0.62,-1.93,0.47,-194.23
0.05,-2.18,-0.43,-0.73,-2.69,-146.68
0.33,-1.35,-0.6,2.84,-3.05,-92.82
1.41,-0.55,-0.99,3.61,3.23,-7.45
1.47,-2.14,-0.06,3.26,-0.59,-41.83
0.59,-3.0,1.55,1.48,-1.74,-49.27
1.66,-0.48,0.67,0.03,5.76,106.0
1.55,-3.02,0.94,1.97,-1.0,-30.37
2.21,-1.02,-0.07,0.42,5.26,64.17
0.41,-1.83,-0.18,2.08,-3.18,-91.67
1.88,-1.67,0.79,2.43,4.01,57.3
0.58,-2.98,0.03,-1.24,-1.65,-135.79
0.73,-2.55,-1.53,-0.96,-0.19,-191.94
2.27,-1.07,-1.14,1.43,3.51,3.44
0.62,-1.78,-1.43,0.72,-1.72,-148.4
0.74,-1.83,1.02,4.4,-0.56,-4.01
2.58,-1.69,0.62,-0.31,4.62,86.52
2.91,-2.3,-1.56,0.86,-0.02,-54.43
2.86,-2.71,-1.17,1.1,-0.85,-58.44
0.66,-1.76,-0.73,1.97,-2.49,-104.85
2.1,-2.46,0.86,2.62,1.98,28.65
0.74,-0.67,1.37,3.73,3.47,82.51
1.25,-1.84,0.29,4.2,0.19,-17.19
0.47,-0.48,1.54,3.86,2.88,87.66
2.31,-0.03,-0.92,-2.23,4.95,77.92
0.89,-0.19,-0.79,4.78,2.66,-5.16
1.93,-1.24,1.39,-0.14,4.89,119.18
0.32,-3.13,0.9,-0.66,-1.91,-109.43
2.64,-1.97,-0.65,1.81,2.24,1.15
1.17,-2.9,-0.67,-1.01,-1.48,-137.51
0.7,-2.95,-0.02,-1.01,-1.8,-130.06
0.18,-2.66,0.32,-0.72,-2.53,-123.76
2.51,-2.86,-0.94,0.82,-1.43,-73.91
0.07,-1.45,-0.68,1.43,-3.59,-118.03
3.05,-0.19,1.33,-4.91,-0.99,240.07
2.11,-2.64,0.08,2.5,-0.16,-25.78
3.03,-0.68,0.46,-5.28,2.3,161.0
1.19,-0.83,0.42,4.04,3.97,44.69
0.3,-0.72,-0.26,5.29,-1.48,-38.96
2.91,-2.17,0.52,0.14,3.71,72.19
1.57,-2.13,-0.06,3.32,-0.22,-35.52
0.18,-1.48,1.4,4.49,-1.37,5.73
1.36,-0.1,0.65,0.36,5.75,109.43
2.88,-1.97,0.55,-0.48,4.08,83.65
3.03,-3.05,-1.32,0.47,-1.76,-76.78
0.51,-0.74,0.31,5.69,0.68,4.58
1.41,-1.24,0.09,4.22,2.83,14.9
3.06,-0.93,-1.32,-1.68,3.31,46.41
2.42,-2.19,1.36,0.41,3.78,91.1
1.15,-1.9,1.31,3.97,1.52,32.09
0.75,-1.08,0.1,5.3,0.26,-13.18
1.46,-0.13,0.44,0.3,5.89,101.41
0.76,-1.75,0.35,4.15,-1.49,-36.67
3.13,-1.54,1.13,-3.86,2.84,155.84
0.68,-2.55,-1.06,-0.99,-1.07,-167.88
2.19,-2.37,-0.51,2.35,-0.0,-39.53
2.79,-2.11,0.64,0.17,3.88,75.63
2.54,-2.08,-1.12,1.72,0.79,-37.82
1.13,-2.67,0.86,2.47,-1.45,-38.96
1.95,-1.88,-1.38,1.77,0.07,-75.06
1.5,-1.47,-0.04,4.14,2.03,-0.57
1.39,-0.16,-0.84,2.88,4.61,22.35
3.07,-2.17,0.91,-1.23,3.65,103.71
1.66,-1.64,-0.27,3.76,1.54,-14.32
1.64,-1.74,-0.22,3.75,1.17,-18.33
2.01,-2.66,0.29,2.61,-0.1,-20.63
1.95,-0.69,1.01,-1.42,5.29,130.06
1.08,-0.66,-0.76,4.65,1.91,-19.48
2.97,-0.33,0.86,-5.6,0.6,200.54
2.81,-1.33,0.93,-3.2,3.98,138.08
2.17,-0.41,1.45,-3.5,3.48,183.92
2.79,-0.55,-1.17,-2.16,4.01,61.31
1.23,-2.02,-0.32,2.97,-1.33,-63.6
0.8,-1.19,1.55,4.04,2.51,66.46
1.69,-2.22,-0.51,2.5,-0.75,-59.59
0.79,-1.52,0.74,4.9,0.11,0.57
1.58,-1.7,1.42,2.5,3.69,74.48
1.41,-2.86,-0.97,-0.94,-1.33,-138.66
0.34,-1.25,0.71,5.07,-1.31,-11.46
0.41,-0.21,-0.12,5.79,1.35,4.58
0.11,-3.07,-1.21,-1.01,1.57,-238.92
1.17,-1.99,-0.15,3.28,-1.27,-55.58
0.03,-3.1,0.84,-1.22,-1.66,-127.77
0.39,-2.02,0.87,3.18,-2.61,-43.54
2.37,-2.09,-1.46,1.25,0.1,-67.61
0.85,-1.21,0.08,5.11,0.25,-16.04
0.87,-0.16,0.45,3.61,4.67,66.46
1.86,-2.86,1.28,2.43,0.79,16.04
0.46,-2.42,1.12,2.37,-2.45,-48.13
2.42,-0.44,1.01,-4.27,3.46,171.31
2.39,-0.56,-0.45,-1.59,5.26,79.07
2.8,-0.43,1.47,-4.85,0.78,220.02
2.46,-0.23,0.07,-4.11,4.33,131.78
1.89,-0.89,0.18,1.21,5.43,67.61
0.25,-0.98,1.1,5.29,-0.12,21.2
0.86,-2.0,1.02,4.13,-0.54,-6.88
0.28,-0.57,1.03,5.32,1.33,42.4
2.06,-2.49,-1.53,0.12,-0.92,-112.3
0.36,-1.37,-1.22,1.71,-2.57,-127.77
1.66,-0.27,-0.01,0.56,5.92,79.07
1.01,-2.81,-1.43,-1.38,-0.08,-185.07
0.99,-2.28,-0.76,0.73,-2.02,-117.46
2.91,-1.02,0.84,-4.41,3.16,156.42
1.61,-1.6,-0.05,3.92,1.94,-2.29
3.12,-1.57,-0.47,-1.02,3.81,61.88
0.4,-0.35,-0.24,5.8,0.5,-10.89
1.61,-2.45,0.35,3.02,-0.43,-28.07
2.62,-2.74,-1.26,0.63,-1.21,-79.07
2.96,-0.21,0.02,-5.68,1.85,158.71
0.48,-2.27,-1.31,-0.66,-1.11,-177.62
2.39,-0.42,-0.01,-3.0,5.06,112.3
1.48,-2.38,-0.98,0.82,-1.48,-107.72
3.08,-0.53,0.53,-5.65,1.36,176.47
0.61,-0.97,-0.09,5.31,-0.43,-25.78
0.25,-0.31,-0.34,5.78,-0.4,-22.92
0.42,-0.72,-0.18,5.51,-0.7,-27.5
0.08,-0.97,0.99,5.24,-1.19,5.73
3.09,-2.17,-0.74,1.18,2.05,10.31
0.83,-0.59,0.32,4.99,3.01,32.09
0.54,-0.09,-0.33,5.5,2.14,6.88
1.0,-1.53,-1.22,2.45,-1.3,-100.27
1.5,-1.81,-1.21,2.15,-0.61,-87.09
0.33,-0.99,-1.56,2.26,-2.17,-127.2
2.11,-1.55,1.01,0.67,4.78,89.95
2.53,-1.3,-1.12,1.02,3.25,6.3
2.01,-1.82,0.13,3.01,2.82,18.33
1.75,-2.41,1.43,2.66,2.13,44.12
2.66,-2.19,-1.11,1.61,0.64,-36.67
0.49,-0.15,0.71,4.65,3.34,60.16
1.28,-2.41,0.36,2.86,-1.29,-44.12
1.14,-2.2,-1.01,0.86,-1.68,-118.6
0.4,-1.35,-0.03,4.12,-2.51,-56.15
2.01,-2.68,-0.92,0.68,-1.43,-91.1
0.33,-1.04,0.95,5.35,-0.18,13.75
0.59,-0.5,-0.97,4.93,-0.25,-50.42
1.09,-1.04,-0.02,4.92,1.93,1.72
0.89,-1.3,-0.16,4.78,-0.32,-32.66
1.12,-1.4,0.8,4.53,2.24,29.79
0.01,-1.92,-0.3,0.14,-3.47,-126.62
0.29,-1.6,1.06,4.37,-1.86,-14.32
1.48,-0.45,0.27,1.75,5.63,74.48
2.89,-1.66,0.66,-1.9,4.28,108.29
2.14,-0.86,0.01,0.05,5.52,73.91
1.51,-2.31,-1.33,0.45,-1.13,-122.04
2.97,-2.3,0.3,0.73,3.23,55.58
2.35,-0.75,0.07,-1.66,5.41,95.68
2.45,-1.65,0.18,0.97,4.37,56.15
0.41,-2.07,-0.17,1.14,-3.13,-104.85
1.56,-0.37,-0.82,2.63,4.58,21.2
2.02,-2.17,0.96,2.49,2.95,46.41
1.29,-0.37,0.31,2.43,5.4,70.47
1.27,-0.47,1.17,1.21,5.19,112.87
2.41,-2.09,0.38,1.94,3.25,40.11
2.4,-0.12,0.14,-4.28,4.19,138.66
0.56,-2.65,0.72,1.1,-2.63,-78.5
2.94,-2.77,-1.15,1.13,-0.92,-56.15
1.7,-0.46,-0.52,1.9,5.19,41.25
1.5,-2.28,1.01,3.51,1.04,13.18
2.91,-0.62,0.16,-4.8,3.24,140.37
2.03,-1.2,-1.39,2.16,2.21,-32.09
1.0,-2.71,-0.46,-0.32,-1.95,-124.33
2.6,-3.04,0.76,1.99,0.81,18.33
1.4,-1.86,0.15,4.04,0.47,-17.76
1.31,-3.07,0.03,-0.18,-2.01,-99.12
0.57,-1.69,0.57,4.26,-1.77,-31.51
3.13,-0.48,-0.58,-4.72,2.72,118.6
0.73,-0.43,-0.99,4.94,0.65,-39.53
2.64,-2.29,-1.41,1.1,-0.1,-60.73
0.03,-1.94,1.21,2.86,-3.11,-40.11
2.25,-2.32,-0.08,2.72,1.12,-8.59
1.85,-2.29,1.27,2.61,2.55,47.56
0.41,-1.3,1.47,4.77,0.34,33.23
0.18,-1.75,-0.09,1.79,-3.63,-95.11
0.74,-1.5,-0.38,3.76,-1.85,-65.32
0.63,-0.27,-0.43,5.48,1.74,-4.01
2.28,-0.27,-0.46,-2.11,5.33,88.81
0.7,-0.94,-0.73,4.6,-0.84,-55.58
2.37,-1.73,0.86,0.31,4.58,85.94
2.79,-0.87,0.51,-4.08,3.87,139.23
2.95,-0.97,-0.69,-2.2,4.14,73.91
2.12,-0.88,0.82,-1.33,5.36,118.03
2.91,-3.06,-1.38,0.11,-1.84,-87.66
0.95,-1.95,0.72,4.17,-0.61,-16.04
1.62,-0.29,0.17,0.52,5.93,85.94
2.77,-0.38,-1.56,-1.97,3.57,47.56
0.32,-2.11,0.24,1.51,-3.32,-88.81
1.01,-0.33,-0.93,4.56,2.46,-14.32
1.92,-2.82,1.37,2.34,1.22,26.93
0.51,-1.71,-0.46,2.29,-2.88,-95.11
1.46,-2.99,0.24,0.86,-1.93,-73.91
1.69,-0.86,0.31,1.95,5.28,65.32
2.58,-0.69,-0.17,-2.62,4.94,98.55
1.77,-1.52,-0.39,3.52,2.18,-8.02
2.52,-0.87,0.35,-2.62,4.98,114.59
1.47,-3.01,-0.98,-1.36,-1.17,-144.39
3.13,-2.02,0.67,-1.53,3.77,101.99
0.01,-1.81,1.42,3.4,-2.67,-21.77
0.14,-2.22,0.47,0.93,-3.47,-92.25
2.93,-1.42,-0.66,-0.51,3.92,48.7
0.79,-1.5,0.16,4.63,-0.93,-31.51
2.95,-0.64,-0.2,-4.34,3.58,120.89
1.97,-1.71,-1.13,2.45,0.83,-49.85
2.38,-1.6,-0.74,1.97,2.87,2.29
0.65,-0.73,0.92,4.92,2.54,48.13
1.33,-2.02,-1.36,1.1,-1.11,-117.46
2.22,-1.29,-0.48,1.79,4.07,25.78
2.79,-1.93,0.46,-0.08,4.14,75.63
1.62,-1.25,-1.11,3.24,1.37,-42.4
1.75,-2.18,-0.54,2.59,-0.52,-55.58
0.09,-0.17,0.74,5.57,1.25,37.82
2.44,-1.91,1.32,-0.35,4.22,106.0
1.96,-1.73,0.83,2.17,4.05,60.73
0.24,-0.42,-0.07,5.85,-0.38,-14.32
2.57,-0.56,-0.55,-2.31,4.88,83.65
1.88,-0.12,-0.24,-0.88,5.87,87.09
1.59,-0.5,1.29,-0.56,5.15,136.36
1.19,-2.2,-0.71,1.51,-1.81,-98.55
0.29,-2.15,-1.42,-0.63,-1.07,-187.93
2.63,-2.84,0.11,2.2,0.36,-5.73
2.74,-3.05,1.47,0.86,2.01,66.46
0.89,-0.44,1.41,2.49,4.34,106.57
0.85,-1.24,-1.56,2.43,-1.12,-111.73
0.4,-2.54,-0.82,-1.2,-1.27,-169.6
2.54,-1.43,-1.1,1.24,2.94,0.57
0.05,-0.56,-1.34,3.19,-2.8,-106.0
1.52,-0.27,0.83,-0.24,5.64,119.18
0.72,-1.34,-1.15,2.74,-1.8,-101.41
1.84,-1.64,0.45,3.02,3.54,37.24
2.22,-0.38,0.7,-3.39,4.65,145.53
0.17,-1.95,1.37,3.39,-2.42,-23.49
1.97,-2.1,1.48,1.64,3.53,77.35
3.08,-1.19,0.7,-4.33,3.07,148.4
1.23,-0.79,0.32,3.93,4.11,43.54
2.98,-1.1,-0.42,-2.36,4.21,83.65
1.65,-3.13,-1.41,-1.91,-0.5,-165.58
3.08,-2.49,-0.46,1.65,1.5,7.45
2.83,-1.26,-1.41,0.07,2.93,9.17
2.81,-0.55,0.54,-5.05,2.86,160.43
0.8,-1.48,-1.53,1.76,-1.43,-126.62
0.3,-2.45,0.79,1.23,-3.04,-77.92
1.67,-2.82,1.23,2.61,0.32,4.58
2.03,-2.85,-0.3,1.35,-1.47,-64.17
2.99,-1.58,0.8,-2.85,3.88,126.62
2.63,-0.76,-1.18,-0.79,4.16,39.53
1.98,-2.38,0.05,2.93,0.37,-20.05
2.72,-2.81,-0.55,1.77,-0.56,-36.67
1.03,-0.2,0.65,2.56,5.18,84.8
1.04,-2.19,-1.47,0.1,-1.1,-150.11
2.64,-2.51,-0.17,2.23,1.14,-2.29
2.14,-3.09,-0.1,1.08,-1.68,-60.16
0.31,-0.86,1.21,5.19,0.79,37.82
1.51,-0.41,0.35,1.27,5.76,83.08
2.42,-0.9,-0.61,-0.17,4.9,52.14
1.21,-1.83,0.33,4.25,0.14,-16.62
1.42,-1.56,0.42,4.2,2.25,16.04
0.44,-0.54,-1.01,4.69,-1.14,-63.6
0.52,-2.57,-0.83,-1.12,-1.3,-165.01
0.56,-1.83,1.0,4.21,-1.38,-15.47
2.61,-1.46,0.02,-0.13,4.68,67.04
0.51,-0.18,-1.38,4.63,-0.11,-60.16
2.61,-0.57,-1.57,-0.85,3.7,26.93
2.48,-0.36,1.51,-4.39,2.0,207.98
0.71,-1.0,0.2,5.43,0.55,-5.16
2.59,-1.38,0.97,-2.14,4.56,124.9
1.57,-1.9,0.23,3.88,1.15,-5.73
1.0,-0.37,-0.29,4.58,3.53,19.48
2.32,-2.29,0.34,2.5,2.25,21.2
0.31,-2.92,-1.11,-1.49,0.69,-213.14
2.1,-1.85,-0.2,2.93,2.32,2.86
0.32,-2.49,0.68,0.93,-3.02,-85.37
0.06,-0.53,-0.32,5.19,-2.21,-45.26
1.64,-2.69,1.48,2.67,1.09,24.64
0.12,-3.0,-1.06,-1.34,1.15,-225.75
1.21,-1.06,1.02,3.46,4.01,67.04
1.5,-0.97,-0.96,3.69,2.17,-24.64
1.23,-3.01,-0.26,-0.65,-1.86,-116.88
0.36,-1.67,-1.04,0.98,-2.65,-134.65
2.25,-2.32,-0.23,2.65,0.83,-17.19
2.52,-2.9,-0.94,0.73,-1.51,-75.63
0.64,-1.4,0.85,5.05,-0.0,5.16
3.13,-0.52,-0.06,-5.38,2.15,146.1
0.15,-1.1,0.61,5.03,-1.99,-19.48
0.36,-0.98,-1.45,2.54,-2.21,-118.6
1.38,-1.82,-0.2,3.79,-0.08,-36.67
0.12,-0.32,1.12,5.16,1.43,52.71
0.39,-1.94,0.47,2.83,-3.0,-61.88
1.07,-0.62,-1.38,3.96,1.02,-53.29
0.17,-0.32,-0.6,5.41,-1.32,-42.97
2.99,-2.87,-0.92,1.4,-0.89,-45.84
3.05,-1.56,-0.42,-0.87,3.93,61.31
0.9,-2.64,0.98,2.36,-1.78,-43.54
1.45,-1.62,1.33,3.01,3.48,66.46
1.47,-0.58,-1.32,3.28,2.71,-24.64
2.67,-1.86,-0.09,1.1,3.68,41.25
2.87,-0.16,-0.46,-5.0,2.93,128.92
1.77,-0.31,-0.19,0.42,5.86,72.77
0.62,-2.56,-1.05,-1.07,-1.01,-171.31
2.5,-2.05,1.03,0.38,4.06,84.8
2.86,-2.26,1.48,-1.25,3.43,119.18
0.89,-2.93,-0.43,-1.21,-1.47,-141.52
0.09,-0.57,0.94,5.56,0.14,26.36
0.88,-2.92,-0.54,-1.32,-1.31,-147.82
1.45,-2.04,-1.27,1.33,-1.04,-106.57
1.34,-0.65,0.07,3.45,4.6,43.54
1.36,-2.09,1.01,3.83,1.17,16.04
0.19,-0.86,1.53,4.84,0.65,49.27
2.76,-2.12,-0.83,1.71,1.56,-10.89
1.81,-0.48,-0.8,1.73,4.9,30.37
0.09,-1.04,0.17,4.58,-2.85,-44.69
1.77,-0.86,1.4,-0.52,5.02,132.35
1.26,-1.48,-0.9,3.43,-0.33,-64.17
0.96,-2.45,0.89,2.96,-1.48,-34.38
0.76,-3.14,-0.55,-1.95,-0.42,-167.88
0.85,-0.74,1.15,3.92,3.63,72.19
0.81,-0.02,0.06,4.11,4.37,48.7
1.75,-0.13,1.05,-2.24,4.87,152.98
2.42,-2.42,-1.4,0.84,-0.65,-80.21
2.97,-0.49,0.71,-5.55,1.47,182.77
2.08,-2.88,0.88,2.41,0.47,4.58
1.02,-2.63,-0.79,-0.51,-1.65,-137.51
2.17,-2.42,0.99,2.29,2.51,42.4
2.64,-2.81,0.5,2.11,1.27,18.91
2.15,-0.34,1.0,-3.46,4.27,161.0
0.18,-1.5,1.17,4.44,-1.88,-8.59
0.0,-2.56,-0.01,-1.35,-2.18,-147.25
2.43,-1.71,-0.75,1.99,2.56,-1.72
1.63,-1.71,-0.11,3.84,1.46,-10.89
1.34,-0.53,0.18,2.93,5.07,56.72
0.9,-2.83,0.6,1.02,-2.25,-76.2
0.71,-2.14,0.02,2.12,-2.65,-80.79
2.17,-0.35,0.21,-2.51,5.38,116.31
2.44,-0.09,-0.05,-4.27,4.21,131.78
1.8,-1.77,-0.7,3.11,0.77,-38.39
1.17,-2.93,0.55,1.11,-1.99,-69.33
2.56,-0.23,1.48,-4.62,1.31,218.3
0.36,-2.3,0.36,1.13,-3.16,-90.53
2.92,-0.04,1.5,-4.54,-0.93,250.96
2.31,-2.74,-1.13,0.49,-1.36,-89.38
2.51,-0.04,-0.64,-3.69,4.36,104.85
1.3,-1.08,-1.24,3.53,0.66,-58.44
0.88,-3.12,1.52,1.54,-1.35,-41.25
2.32,-1.94,-1.51,1.35,0.4,-64.74
1.86,-2.58,-0.38,1.84,-1.18,-63.03
2.42,-1.11,0.06,-0.59,5.21,78.5
3.01,-1.92,-0.38,0.46,3.34,40.68
2.67,-0.11,-0.98,-3.47,4.01,90.53
1.99,-0.48,-1.08,1.13,4.66,24.64
2.98,-0.73,0.11,-4.65,3.29,135.22
0.54,-2.21,-0.05,1.22,-2.94,-98.55
1.02,-1.77,-0.62,2.91,-1.62,-78.5
1.01,-0.89,-0.35,5.0,1.48,-13.18
1.37,-1.0,-1.35,3.38,1.02,-56.15
0.01,-2.85,0.87,-0.69,-2.42,-112.87
2.75,-1.71,1.09,-1.9,4.18,122.04
2.54,-3.13,-0.66,0.64,-1.88,-71.62
2.57,-1.54,1.09,-1.7,4.5,121.47
2.74,-0.36,1.44,-4.85,0.91,218.87
0.23,-1.97,-0.15,0.98,-3.41,-108.29
0.6,-2.06,0.77,3.41,-2.13,-39.53
1.63,-1.8,-0.41,3.53,0.56,-33.23
3.1,-0.38,-0.96,-4.2,2.87,100.84
1.52,-2.95,1.35,2.38,-0.14,-4.58
0.88,-1.44,0.74,4.94,0.84,10.31
2.82,-1.98,0.39,0.11,4.01,70.47
1.83,-2.79,-1.31,-0.65,-1.24,-130.06
2.48,-1.89,0.29,1.36,3.88,50.42
0.83,-1.2,1.23,4.52,2.27,49.27
1.85,-1.53,-1.14,2.71,1.09,-46.98
1.3,-1.69,-1.12,2.51,-0.83,-86.52
1.33,-1.09,-0.02,4.37,2.85,12.61
0.75,-2.67,1.31,2.42,-1.66,-34.95
2.75,-2.22,-1.08,1.58,0.73,-31.51
2.8,-2.42,1.4,-0.44,3.37,101.99
1.26,-1.96,0.72,4.14,0.66,1.15
2.75,-1.6,-1.53,0.83,1.85,-21.77
3.0,-1.45,-0.68,-0.65,3.81,49.85
3.06,-1.28,-1.2,-0.74,3.22,33.23
2.07,-2.64,-1.1,0.53,-1.31,-95.68
1.42,-0.73,-0.91,3.79,2.81,-12.61
0.87,-1.27,0.21,5.1,0.37,-10.89
3.08,-2.2,-0.18,0.81,2.95,40.11
2.34,-2.88,1.01,2.11,1.31,26.93
1.57,-0.58,0.06,2.09,5.41,60.16
1.59,-0.61,-1.51,2.8,2.65,-30.37
0.29,-0.78,1.33,5.02,1.12,48.13
0.47,-2.46,-0.13,-0.07,-2.63,-121.47
0.16,-0.51,0.98,5.47,0.81,36.1
1.58,-1.67,-1.4,2.13,-0.17,-85.37
0.04,-2.39,-1.25,-1.2,-0.46,-206.26
1.76,-3.04,0.57,1.71,-1.26,-40.68
0.16,-1.51,-0.26,2.33,-3.63,-92.25
2.42,-0.81,1.4,-3.56,3.58,172.46
0.52,-2.95,1.27,1.02,-2.15,-66.46
0.83,-3.03,-1.33,-1.68,0.62,-202.25
2.63,-0.28,-0.72,-3.27,4.4,93.39
1.52,-0.69,-0.63,3.41,3.87,11.46
3.1,-2.33,0.41,0.2,3.32,67.61
1.6,-0.86,1.02,1.04,5.31,100.84
0.88,-0.02,-0.89,4.58,3.0,-1.72
0.34,-1.56,0.34,3.85,-2.75,-50.42
3.11,-1.56,0.84,-3.42,3.43,136.94
0.02,-2.07,-1.19,-0.91,-1.54,-185.64
2.43,-0.92,-0.81,0.14,4.59,40.11
0.84,-1.79,-0.92,1.91,-2.05,-107.14
0.7,-0.01,1.19,2.46,4.47,107.72
0.56,-2.8,0.33,-0.21,-2.39,-109.43
0.96,-0.56,-1.24,4.32,0.93,-48.13
1.96,-0.31,-0.26,-0.56,5.81,79.64
3.1,-1.83,1.55,-3.3,2.63,161.57
0.93,-0.96,1.4,3.59,3.5,78.5
0.23,-2.18,0.4,1.25,-3.4,-88.81
3.13,-0.03,-0.36,-5.84,0.89,156.99
0.69,-1.1,0.23,5.34,0.12,-10.31
0.97,-2.05,-0.74,1.58,-2.05,-104.28
0.02,-2.14,-1.22,-1.01,-1.27,-191.37
0.63,-2.5,1.22,2.62,-1.94,-37.24
2.48,-1.7,0.51,0.4,4.56,73.91
0.35,-0.32,-0.79,5.33,-0.63,-43.54
0.56,-2.76,-0.7,-1.42,-1.03,-166.16
0.24,-2.44,-1.4,-1.03,-0.26,-206.26
2.09,-1.41,-1.14,2.35,2.11,-26.36
2.81,-2.94,0.36,2.04,0.85,13.18
2.17,-2.12,0.49,2.58,2.78,30.94
0.59,-2.76,1.38,1.94,-1.96,-45.26
0.4,-1.49,-0.31,3.11,-2.97,-80.21
1.27,-2.46,-1.23,-0.17,-1.27,-138.66
2.12,-1.81,-1.16,2.18,0.81,-48.7
2.87,-0.12,1.26,-5.07,-0.23,229.76
1.38,-1.6,-1.2,2.63,-0.45,-81.36
2.97,-0.18,-0.98,-4.32,2.97,103.71
1.58,-1.33,-1.24,3.02,0.82,-56.72
1.3,-0.62,0.94,1.99,5.18,92.82
0.55,-1.48,-0.43,3.32,-2.51,-77.92
0.58,-1.6,1.0,4.72,-0.65,-1.15
0.1,-2.4,0.0,-0.68,-2.78,-131.78
3.04,-1.1,0.52,-4.26,3.33,140.95
0.69,-0.12,0.64,3.93,4.22,69.33
0.05,-0.38,1.47,4.72,1.27,65.32
3.12,-2.85,1.36,-0.19,2.57,93.39
2.64,-0.3,1.16,-5.02,1.7,200.54
0.93,-0.08,0.22,3.48,4.86,61.31
3.01,-2.57,0.46,1.07,2.68,51.57
0.43,-1.96,-0.82,0.49,-2.59,-134.65
1.87,-0.93,1.51,-0.95,4.8,140.37
0.64,-3.07,-0.32,-1.76,-0.88,-157.56
1.45,-0.69,-0.46,3.6,3.95,17.19
0.83,-1.89,-0.06,3.2,-2.07,-64.17
1.77,-2.94,1.01,2.36,-0.2,-9.17
2.81,-0.97,-0.4,-2.16,4.56,82.51
1.22,-0.89,0.79,3.45,4.33,64.17
0.09,-2.4,0.93,1.02,-3.26,-79.07
0.1,-2.49,-0.21,-1.18,-2.2,-148.97
2.64,-1.67,-0.41,1.07,3.67,32.09
1.55,-0.97,0.23,3.09,4.54,46.41
0.4,-2.27,1.48,3.1,-1.89,-22.35
1.4,-2.85,0.51,1.76,-1.63,-53.86
1.83,-1.01,-1.07,2.79,2.9,-14.32
0.74,-1.26,-1.02,3.27,-1.64,-88.24
0.49,-1.21,1.46,4.75,0.97,42.4
1.74,-0.23,1.38,-2.15,4.47,165.58
0.55,-2.58,1.48,2.52,-1.79,-31.51
0.45,-0.67,-0.48,5.28,-0.85,-40.11
1.65,-0.5,0.99,-0.42,5.5,122.61
3.07,-0.36,0.0,-5.63,1.82,155.27
0.39,-0.09,0.89,4.5,3.21,68.18
0.35,-1.73,-1.49,0.33,-1.81,-164.44
3.09,-2.47,-0.24,1.49,2.01,21.77
0.13,-1.63,-1.4,0.18,-2.21,-166.16
0.04,-0.01,1.33,4.42,2.1,77.92
1.76,-1.61,1.52,1.4,4.25,95.68
2.87,-0.71,0.59,-4.89,2.96,157.56
1.14,-1.35,1.18,3.92,3.05,55.58
3.11,-2.46,-1.49,0.93,-0.22,-48.13
0.59,-2.62,1.54,2.54,-1.62,-28.07
1.62,-2.28,-1.31,0.7,-1.07,-112.87
3.04,-0.19,0.75,-5.7,-0.11,206.26
1.89,-3.03,0.48,1.79,-1.14,-37.82
2.03,-0.52,-0.95,0.93,4.85,32.09
0.49,-1.03,-1.45,2.67,-1.91,-114.02
2.81,-1.15,-0.96,-0.54,3.93,40.11
0.1,-1.96,0.96,2.66,-3.28,-51.57
0.67,-2.36,-1.5,-0.67,-0.65,-182.77
1.06,-0.15,0.24,3.02,5.15,65.89
0.81,-2.11,1.28,3.91,-0.52,-1.15
1.06,-1.68,-0.97,2.57,-1.42,-91.1
2.73,-1.68,1.14,-2.0,4.16,125.48
0.21,-0.76,-0.96,3.78,-2.62,-86.52
1.36,-0.34,0.14,2.26,5.49,66.46
0.64,-1.91,-0.63,1.55,-2.61,-108.86
1.96,-1.84,0.26,3.08,2.83,21.77
0.84,-0.65,0.24,5.12,2.7,24.64
0.69,-0.55,0.4,5.24,2.58,30.94
1.97,-2.77,0.93,2.6,0.67,7.45
0.55,-2.32,1.01,2.76,-2.29,-43.54
2.99,-1.21,0.71,-3.98,3.47,142.67
2.14,-0.77,-1.46,1.31,3.46,-5.16
1.76,-1.52,0.54,2.99,3.85,44.69
2.5,-0.79,-1.08,-0.26,4.36,36.1
3.02,-1.75,0.38,-1.55,4.15,94.54
0.88,-0.31,-1.38,4.34,1.17,-46.41
2.26,-0.2,1.13,-4.21,3.21,182.77
2.79,-1.2,0.07,-2.09,4.68,95.11
1.46,-0.65,-1.51,3.13,2.15,-40.11
0.73,-2.02,0.28,3.11,-2.28,-57.87
0.4,-2.23,0.63,2.05,-3.02,-68.75
2.93,-1.94,-0.81,1.11,2.45,10.31
1.68,-2.43,0.96,3.2,1.04,12.03
2.43,-3.13,0.27,1.83,-0.82,-24.64
2.31,-0.09,-0.97,-1.93,4.97,71.62
2.15,-2.25,1.16,1.87,3.22,60.73
0.62,-2.51,0.79,1.91,-2.52,-63.03
2.25,-0.62,0.86,-2.96,4.77,142.67
1.27,-0.6,-0.23,3.97,4.0,25.21
2.23,-2.45,0.44,2.68,1.58,12.61
0.99,-2.93,0.69,1.01,-2.09,-71.62
0.3,-2.64,0.78,0.54,-2.85,-89.38
2.61,-0.47,0.19,-4.18,4.15,133.5
1.74,-2.65,0.87,2.89,0.31,-2.29
1.11,-3.09,0.53,0.33,-2.03,-83.08
0.9,-1.28,-0.91,3.65,-1.1,-73.91
0.43,-2.67,0.83,0.9,-2.71,-80.79
1.45,-2.64,-1.41,-0.73,-0.9,-148.97
2.66,-0.72,-0.17,-2.89,4.75,101.41
1.56,-1.99,1.22,3.25,2.59,45.26
0.33,-1.99,-0.24,1.07,-3.24,-108.86
1.65,-1.8,-1.55,1.56,-0.29,-97.4
0.02,-1.3,-1.49,0.71,-2.6,-158.71
3.08,-2.15,-0.46,0.98,2.63,26.93
2.19,-0.75,1.45,-2.84,4.11,165.58
0.71,-1.04,-1.49,2.92,-1.28,-104.28
1.98,-1.32,-0.05,2.42,4.21,34.95
1.48,-2.74,-0.26,0.89,-1.91,-87.09
0.56,-1.56,1.11,4.76,-0.4,6.3
3.04,-1.48,-1.34,-0.02,2.64,12.61
1.97,-2.44,1.11,2.61,2.13,36.67
1.99,-1.21,0.75,0.69,5.23,87.66
2.77,-2.39,1.37,-0.36,3.44,100.27
2.3,-0.45,0.25,-2.89,5.14,120.32
1.94,-1.41,1.12,0.85,4.87,94.54
0.49,-2.78,0.88,0.77,-2.54,-80.79
0.17,-0.54,0.37,5.84,-0.38,-0.0
1.97,-2.59,-1.3,0.17,-1.2,-110.01
0.89,-2.45,1.38,3.25,-0.8,-10.31
0.31,-0.39,1.48,4.24,2.42,80.21
1.12,-0.94,-0.86,4.39,0.9,-38.96
0.26,-0.67,-1.37,3.35,-2.24,-101.99
2.32,-2.79,-1.12,0.38,-1.44,-91.1
1.89,-0.48,0.4,-0.78,5.82,103.71
0.1,-0.01,-0.03,5.98,0.5,3.44
2.78,-0.17,1.01,-5.37,0.8,207.41
0.36,-1.68,0.13,3.11,-3.09,-68.18
1.57,-0.87,0.35,2.53,5.02,60.16
0.07,-1.87,0.94,2.85,-3.32,-49.27
0.74,-2.96,0.6,0.17,-2.24,-92.82
2.35,-3.0,-0.64,0.74,-1.71,-73.91
1.91,-2.82,0.58,2.45,-0.34,-18.91
1.74,-2.72,-1.01,-0.04,-1.52,-114.02
3.02,-0.19,1.0,-5.43,-0.41,219.44
2.92,-2.84,-0.15,2.04,0.46,-4.01
1.12,-1.15,-0.6,4.49,0.56,-36.1
0.62,-0.57,-0.77,5.13,-0.06,-41.25
1.64,-2.63,1.47,2.73,1.25,27.5
2.18,-0.19,0.43,-3.46,4.79,138.66
2.87,-1.53,1.24,-3.16,3.55,147.82
0.56,-2.04,-0.27,1.52,-2.9,-100.27
3.01,-2.27,-0.12,1.12,2.77,35.52
0.83,-2.56,-0.35,0.06,-2.25,-119.18
1.98,-2.84,0.06,1.9,-1.12,-45.84
2.07,-1.81,-0.7,2.78,1.42,-25.21
2.44,-0.41,1.56,-4.22,2.22,205.69
2.2,-1.13,1.27,-1.61,4.81,134.07
1.54,-0.7,-0.79,3.39,3.59,2.86
0.97,-0.04,0.66,2.29,5.25,91.1
2.86,-2.63,0.65,1.3,2.55,50.42
1.13,-2.74,-0.74,-0.63,-1.61,-134.65
2.62,-0.6,-0.89,-1.75,4.61,64.74
3.1,-2.45,-0.32,1.49,1.94,18.91
1.69,-2.88,0.61,2.18,-0.97,-33.23
2.35,-2.94,0.1,2.02,-0.63,-28.07
2.22,-1.58,0.61,1.03,4.69,71.62
1.69,-2.44,1.06,3.13,1.23,17.76
0.4,-1.24,-1.02,2.61,-2.63,-106.57
2.77,-1.1,0.67,-3.45,4.15,134.07
2.19,-1.06,1.21,-1.7,4.87,134.07
0.09,-0.78,0.21,5.31,-2.02,-27.5
0.27,-2.88,-0.01,-1.53,-1.48,-150.11
0.35,-1.3,1.12,5.01,-0.6,9.74
0.92,-1.64,1.46,4.19,1.62,42.4
0.21,-3.0,-1.51,-0.72,1.56,-246.37
1.94,-0.25,0.79,-2.54,5.08,142.09
1.74,-2.0,0.6,3.48,2.12,19.48
1.74,-0.19,1.02,-1.98,5.05,147.25
0.06,-1.45,0.06,2.83,-3.79,-76.2
0.71,-1.16,-0.69,4.15,-1.38,-65.32
2.64,-3.13,0.81,1.91,0.65,18.33
1.67,-2.96,-0.72,-0.49,-1.74,-115.16
2.77,-0.32,-0.79,-3.58,3.99,95.11
3.11,-2.87,1.18,0.24,2.52,81.36
0.94,-2.18,-0.81,0.91,-2.05,-117.46
2.72,-1.56,1.53,-2.83,3.52,154.13
1.06,-1.9,-0.21,3.31,-1.48,-60.16
1.14,-2.11,1.34,3.83,0.89,21.2
0.34,-3.03,1.39,0.62,-2.13,-74.48
0.0,-0.22,-0.1,5.85,-1.07,-18.33
2.15,-0.61,0.12,-1.21,5.66,95.11
0.71,-0.95,-1.15,3.82,-1.14,-79.64
1.33,-0.07,-1.49,3.04,3.39,-13.18
0.97,-1.75,-1.45,1.33,-1.34,-127.77
2.53,-2.72,-1.17,0.75,-1.19,-77.92
1.86,-0.27,0.65,-1.85,5.49,128.34
0.65,-1.51,-1.49,1.49,-1.73,-134.65
1.14,-0.59,-1.18,4.16,1.68,-36.1
0.95,-2.7,-0.47,-0.4,-1.93,-127.2
2.66,-2.09,-0.31,1.84,2.52,14.9
0.57,-1.85,0.74,3.97,-1.87,-30.94
0.54,-2.57,1.48,2.53,-1.81,-31.51
1.76,-0.81,0.57,0.89,5.59,87.09
1.59,-1.03,-1.49,2.85,1.46,-53.29
3.08,-2.65,-0.88,1.62,0.09,-25.78
2.47,-2.37,1.29,0.78,3.41,79.64
1.35,-1.61,0.02,4.31,0.96,-13.75
0.67,-0.62,0.09,5.55,1.62,8.02
2.21,-0.35,0.7,-3.43,4.62,146.68
2.59,-2.89,1.37,1.17,2.21,61.31
2.39,-0.22,-0.39,-3.0,4.97,101.99
1.36,-1.92,1.46,3.36,2.46,51.57
0.99,-2.93,0.41,0.46,-2.19,-87.66
2.44,-1.16,-0.23,0.04,4.94,60.16
1.64,-0.07,-1.43,1.84,4.27,8.02
2.3,-1.19,1.19,-1.78,4.77,131.78
0.95,-3.1,0.16,-0.75,-1.87,-114.02
3.08,-2.36,1.49,-1.69,3.05,126.62
2.49,-0.44,-1.06,-1.42,4.66,56.72
2.72,-0.04,-1.02,-3.79,3.7,95.11
1.72,-0.03,-1.14,1.17,5.01,31.51
3.0,-1.67,-0.33,-0.42,3.91,57.3
1.42,-1.02,1.07,2.34,4.75,84.22
2.89,-1.33,-1.25,-0.01,3.11,17.76
2.02,-1.95,-0.49,2.95,1.13,-24.06
2.54,-0.03,1.56,-4.46,0.71,233.19
1.47,-2.25,-1.03,1.15,-1.36,-103.71
1.48,-2.52,-0.64,0.98,-1.72,-96.26
1.03,-2.52,1.22,3.12,-0.81,-15.47
1.4,-0.27,-0.28,2.51,5.28,48.7
0.32,-2.35,1.18,2.33,-2.67,-48.7
1.9,-2.23,0.71,3.1,1.99,21.77
2.73,-1.72,-0.41,0.88,3.62,34.38
1.09,-1.57,-1.13,2.62,-1.15,-92.25
2.63,-0.3,-0.35,-3.92,4.26,113.45
0.98,-0.56,-1.39,4.07,0.83,-55.58
0.55,-3.0,-0.47,-1.79,-0.67,-167.3
2.62,-2.85,0.44,2.17,0.96,12.03
0.54,-2.96,-1.26,-1.5,0.73,-210.85
0.49,-0.47,-1.2,4.53,-0.87,-67.61
0.11,-0.01,0.62,5.48,1.74,41.25
1.77,-0.46,-0.68,1.74,5.07,36.1
0.52,-0.7,0.12,5.7,0.52,-3.44
1.06,-2.89,0.98,1.79,-1.69,-48.7
2.61,-0.3,0.99,-5.05,2.18,189.08
1.01,-2.47,-1.3,-0.57,-1.04,-158.14
3.04,-2.73,-0.78,1.7,-0.09,-26.93
2.6,-1.71,0.65,-0.39,4.58,88.24
1.2,-2.86,-0.57,-0.68,-1.71,-127.77
1.35,-2.04,-0.63,2.48,-1.26,-75.63
2.91,-1.8,-1.34,0.89,1.79,-13.18
2.83,-0.35,1.33,-5.05,0.6,218.3
2.4,-1.15,1.2,-2.38,4.52,140.37
1.82,-1.61,-0.37,3.44,2.04,-9.17
0.13,-1.87,-1.04,-0.22,-2.42,-159.28
2.1,-0.85,-1.38,1.6,3.37,-7.45
0.42,-2.98,0.62,-0.57,-2.15,-111.15
2.23,-1.11,-0.69,1.46,4.21,24.64
2.3,-2.08,-1.1,1.89,0.39,-50.42
1.23,-3.04,1.22,1.86,-1.17,-33.8
1.17,-0.6,-0.95,4.32,2.18,-21.77
0.91,-1.27,-1.52,2.49,-1.03,-107.72
2.26,-1.96,-0.54,2.58,1.66,-13.75
1.1,-0.47,0.78,2.84,4.93,80.79
0.47,-1.68,0.8,4.32,-1.76,-23.49
3.07,-1.17,-0.29,-2.72,4.03,92.25
2.48,-0.3,-0.9,-2.15,4.78,73.34
1.69,-1.72,-0.13,3.74,1.61,-9.17
1.75,-0.29,-0.91,1.57,5.0,31.51
2.67,-2.43,-1.31,1.12,-0.37,-61.31
1.61,-1.83,-0.4,3.5,0.4,-35.52
0.33,-2.16,1.01,2.74,-2.75,-46.98
2.52,-0.72,-1.05,-0.62,4.48,42.97
3.0,-2.09,0.91,-1.25,3.8,104.28
2.97,-0.6,0.85,-5.4,1.58,184.49
1.09,-3.12,-1.0,-1.95,-0.24,-173.61
2.88,-0.05,0.33,-5.84,1.09,181.05
1.65,-0.52,-0.38,2.16,5.17,42.97
0.6,-0.54,-1.57,3.77,-0.75,-86.52
1.12,-1.45,-0.72,3.76,-0.58,-60.16
1.13,-0.54,0.22,3.89,4.37,46.41
1.34,-2.95,0.99,2.01,-1.21,-35.52
0.75,-1.25,-0.12,4.85,-0.76,-35.52
2.27,-1.98,-1.17,1.9,0.56,-50.42
0.8,-1.94,0.75,4.08,-1.14,-22.35
1.84,-1.5,-0.24,3.34,2.79,5.73
2.76,-1.81,1.19,-1.77,4.06,122.61
2.1,-2.56,1.12,2.36,2.06,37.82
0.05,-2.81,0.74,-0.73,-2.45,-115.74
1.17,-2.56,1.26,3.12,-0.39,-7.45
2.75,-0.06,-0.6,-4.64,3.37,119.75
1.67,-1.52,1.39,1.84,4.29,88.24
0.32,-2.33,1.42,2.71,-2.29,-33.8
0.27,-0.37,0.37,5.85,0.87,15.47
2.25,-0.4,1.27,-3.81,3.52,178.76
0.09,-1.1,-0.01,4.1,-3.22,-58.44
0.97,-0.82,0.79,4.29,3.56,53.86
0.52,-1.95,1.25,3.98,-1.34,-10.31
0.0,-1.05,-0.35,3.34,-3.71,-80.21
2.1,-1.63,-0.5,2.77,2.57,-1.72
2.44,-0.71,0.34,-2.8,5.02,118.6
0.62,-1.83,-0.04,2.96,-2.61,-71.62
2.17,-1.45,1.51,-0.85,4.55,127.77
0.39,-2.7,-1.18,-1.38,-0.03,-199.96
0.53,-0.62,0.07,5.72,0.79,-1.15
0.54,-2.64,-0.84,-1.25,-1.1,-168.45
1.74,-1.59,-1.48,2.12,0.33,-76.2
0.14,-1.36,0.12,3.57,-3.38,-63.03
3.09,-1.83,-1.57,0.52,1.4,-17.76
0.54,-1.52,0.85,4.81,-0.89,-7.45
0.38,-0.04,0.09,5.56,2.24,24.64
1.43,-2.1,0.18,3.61,-0.2,-28.07
2.37,-0.56,0.7,-3.52,4.52,143.81
1.56,-2.57,-1.18,-0.08,-1.32,-125.48
0.81,-0.87,1.5,3.64,3.31,82.51
1.8,-2.27,0.72,3.27,1.54,14.32
0.64,-0.87,-0.89,4.42,-1.06,-64.17
1.23,-3.06,-1.37,-1.84,0.07,-183.35
1.03,-0.63,1.02,3.17,4.47,81.36
0.73,-1.47,-1.07,2.49,-1.96,-103.71
0.66,-0.22,-0.66,5.34,1.64,-12.61
1.5,-0.6,1.23,0.32,5.26,122.04
1.03,-1.9,0.38,4.08,-0.76,-28.07
0.69,-1.15,1.2,4.81,1.73,42.4
2.22,-0.97,-0.4,0.74,4.99,48.7
0.36,-2.77,-1.52,-1.03,0.79,-225.17
0.64,-2.8,-0.36,-1.13,-1.63,-144.39
2.28,-1.26,-1.04,1.74,3.18,-1.15
0.87,-2.53,-1.44,-0.89,-0.55,-177.62
2.37,-0.76,-0.88,-0.02,4.73,41.83
2.33,-1.37,1.4,-1.65,4.5,135.22
1.89,-3.1,-0.53,-0.26,-1.94,-99.69
0.59,-1.87,0.76,3.97,-1.8,-29.79
3.0,-1.77,0.53,-1.69,4.13,100.84
0.39,-2.38,0.75,1.69,-2.96,-71.05
2.29,-3.04,0.22,1.87,-0.87,-30.37
2.1,-1.2,1.42,-1.13,4.76,132.93
0.9,-3.11,-1.19,-1.88,0.47,-194.81
0.81,-0.67,0.02,5.33,2.05,9.17
0.19,-1.45,-0.21,2.78,-3.52,-84.22
2.18,-2.07,-1.53,1.14,-0.12,-81.36
1.4,-2.73,-0.33,0.64,-1.96,-95.11
2.5,-2.61,-1.19,0.92,-0.95,-74.48
2.9,-1.47,0.39,-2.15,4.4,104.28
1.31,-2.55,-1.56,-0.72,-0.63,-160.43
2.89,-0.3,1.03,-5.42,0.63,207.41
2.02,-1.11,0.44,0.8,5.33,77.35
1.22,-2.57,-0.11,1.35,-2.06,-83.65
2.75,-2.79,-0.05,2.14,0.5,-5.16
0.94,-2.0,-0.81,1.57,-2.04,-107.14
2.0,-1.49,-1.56,1.91,1.06,-60.16
2.21,-1.66,0.11,2.09,3.88,37.82
1.63,-0.58,1.11,-0.23,5.39,123.76
3.06,-1.47,0.96,-3.69,3.28,146.1
1.88,-2.57,-1.45,-0.14,-1.05,-122.61
0.08,-0.32,-1.39,3.82,-2.31,-93.39
0.21,-1.03,-0.42,3.97,-2.94,-71.05
2.35,-2.94,-0.35,1.44,-1.3,-53.86
1.23,-2.34,-0.51,1.46,-1.9,-92.82
1.19,-1.79,-0.11,3.91,-0.58,-40.68
2.21,-1.89,0.47,2.11,3.65,45.26
2.17,-1.06,-0.17,0.94,5.06,53.86
0.16,-1.69,-0.98,0.44,-2.86,-143.81
1.73,-1.32,0.68,2.44,4.55,62.45
0.11,-3.08,0.61,-1.4,-1.53,-135.22
0.48,-0.48,0.53,5.5,1.93,30.37
0.86,-0.17,0.98,2.65,4.78,95.68
1.48,-3.09,-0.95,-1.57,-1.11,-146.68
1.84,-1.35,1.04,1.31,4.87,87.66
2.23,-1.44,0.97,-0.19,4.97,100.84
0.34,-0.07,1.36,3.69,3.2,93.39
1.4,-1.16,0.81,3.28,4.18,60.16
1.74,-2.05,0.23,3.56,1.2,-4.58
0.27,-1.39,-0.73,2.25,-3.19,-106.0
0.84,-1.25,0.22,5.13,0.31,-10.89
1.65,-1.65,1.27,2.43,3.9,72.77
0.21,-0.52,-0.95,4.47,-2.1,-72.19
1.24,-2.42,-0.97,0.32,-1.63,-123.19
3.03,-1.44,0.16,-2.38,4.19,100.27
0.8,-1.24,0.72,5.13,1.14,16.04
0.94,-0.74,0.61,4.52,3.46,46.41
0.45,-2.34,-1.19,-0.82,-1.15,-176.47
0.75,-1.39,-0.23,4.36,-1.36,-49.85
0.74,-1.16,-0.62,4.32,-1.19,-59.59
1.14,-0.92,0.94,3.59,4.09,66.46
0.47,-3.0,-0.3,-1.76,-0.86,-162.15
0.52,-0.44,-0.59,5.47,0.18,-29.22
0.65,-0.94,-0.85,4.34,-1.18,-65.32
2.52,-1.35,0.87,-1.75,4.79,116.88
1.61,-1.63,-1.17,2.66,0.1,-68.18
